{"actions":["CHECK","BET 115.000000"],"childrens":{"BET 115.000000":{"actions":["CALL","FOLD"],"node_type":"action_node","player":0,"strategy":{"actions":["CALL","FOLD"],"strategy":{"6d6c":[1.0,0.0],"6h6c":[1.0,0.0],"6h6d":[1.0,0.0],"7s7d":[1.0,0.0],"8d8c":[1.0,0.0],"8h8c":[1.0,0.0],"8h8d":[1.0,0.0],"8s8c":[1.0,0.0],"8s8d":[1.0,0.0],"8s8h":[1.0,0.0],"9d9c":[1.0,0.0],"9h9c":[1.0,0.0],"9h9d":[1.0,0.0],"9s9c":[1.0,0.0],"9s9d":[1.0,0.0],"9s9h":[1.0,0.0],"Ac6c":[1.0,0.0],"Ac6d":[1.0,0.0],"Ac6h":[1.0,0.0],"Ac7d":[1.0,0.0],"Ac7s":[1.0,0.0],"Ac8c":[1.0,0.0],"Ac8d":[1.0,0.0],"Ac8h":[1.0,0.0],"Ac8s":[1.0,0.0],"Ac9c":[1.0,0.0],"Ac9d":[1.0,0.0],"Ac9h":[1.0,0.0],"Ac9s":[1.0,0.0],"AcJc":[1.0,0.0],"AcJd":[1.0,0.0],"AcJh":[1.0,0.0],"AcJs":[1.0,0.0],"AcKc":[1.0,0.0],"AcKh":[1.0,0.0],"AcKs":[1.0,0.0],"AcQc":[1.0,0.0],"AcQd":[1.0,0.0],"AcQh":[1.0,0.0],"AcQs":[1.0,0.0],"AcTc":[1.0,0.0],"AcTd":[1.0,0.0],"AcTh":[1.0,0.0],"AcTs":[1.0,0.0],"Ad6c":[1.0,0.0],"Ad6d":[1.0,0.0],"Ad6h":[1.0,0.0],"Ad7d":[1.0,0.0],"Ad7s":[1.0,0.0],"Ad8c":[1.0,0.0],"Ad8d":[1.0,0.0],"Ad8h":[1.0,0.0],"Ad8s":[1.0,0.0],"Ad9c":[1.0,0.0],"Ad9d":[1.0,0.0],"Ad9h":[1.0,0.0],"Ad9s":[1.0,0.0],"AdAc":[1.0,0.0],"AdJc":[1.0,0.0],"AdJd":[1.0,0.0],"AdJh":[1.0,0.0],"AdJs":[1.0,0.0],"AdKc":[1.0,0.0],"AdKh":[1.0,0.0],"AdKs":[1.0,0.0],"AdQc":[1.0,0.0],"AdQd":[1.0,0.0],"AdQh":[1.0,0.0],"AdQs":[1.0,0.0],"AdTc":[1.0,0.0],"AdTd":[1.0,0.0],"AdTh":[1.0,0.0],"AdTs":[1.0,0.0],"As6c":[1.0,0.0],"As6d":[1.0,0.0],"As6h":[1.0,0.0],"As7d":[1.0,0.0],"As7s":[1.0,0.0],"As8c":[1.0,0.0],"As8d":[1.0,0.0],"As8h":[1.0,0.0],"As8s":[1.0,0.0],"As9c":[1.0,0.0],"As9d":[1.0,0.0],"As9h":[1.0,0.0],"As9s":[1.0,0.0],"AsAc":[1.0,0.0],"AsAd":[1.0,0.0],"AsJc":[1.0,0.0],"AsJd":[1.0,0.0],"AsJh":[1.0,0.0],"AsJs":[1.0,0.0],"AsKc":[1.0,0.0],"AsKh":[1.0,0.0],"AsKs":[1.0,0.0],"AsQc":[1.0,0.0],"AsQd":[1.0,0.0],"AsQh":[1.0,0.0],"AsQs":[1.0,0.0],"AsTc":[1.0,0.0],"AsTd":[1.0,0.0],"AsTh":[1.0,0.0],"AsTs":[1.0,0.0],"Jc9c":[1.0,0.0],"JcTc":[1.0,0.0],"Jd9d":[1.0,0.0],"JdJc":[1.0,0.0],"JdTd":[1.0,0.0],"Jh9h":[1.0,0.0],"JhJc":[1.0,0.0],"JhJd":[1.0,0.0],"JhTh":[1.0,0.0],"Js9s":[1.0,0.0],"JsJc":[1.0,0.0],"JsJd":[1.0,0.0],"JsJh":[1.0,0.0],"JsTs":[1.0,0.0],"Kc8c":[1.0,0.0],"Kc9c":[1.0,0.0],"Kc9d":[1.0,0.0],"Kc9h":[1.0,0.0],"Kc9s":[1.0,0.0],"KcJc":[1.0,0.0],"KcJd":[1.0,0.0],"KcJh":[1.0,0.0],"KcJs":[1.0,0.0],"KcQc":[1.0,0.0],"KcQd":[1.0,0.0],"KcQh":[1.0,0.0],"KcQs":[1.0,0.0],"KcTc":[1.0,0.0],"KcTd":[1.0,0.0],"KcTh":[1.0,0.0],"KcTs":[1.0,0.0],"Kh8h":[1.0,0.0],"Kh9c":[1.0,0.0],"Kh9d":[1.0,0.0],"Kh9h":[1.0,0.0],"Kh9s":[1.0,0.0],"KhJc":[1.0,0.0],"KhJd":[1.0,0.0],"KhJh":[1.0,0.0],"KhJs":[1.0,0.0],"KhKc":[1.0,0.0],"KhQc":[1.0,0.0],"KhQd":[1.0,0.0],"KhQh":[1.0,0.0],"KhQs":[1.0,0.0],"KhTc":[1.0,0.0],"KhTd":[1.0,0.0],"KhTh":[1.0,0.0],"KhTs":[1.0,0.0],"Ks7s":[1.0,0.0],"Ks8s":[1.0,0.0],"Ks9c":[1.0,0.0],"Ks9d":[1.0,0.0],"Ks9h":[1.0,0.0],"Ks9s":[1.0,0.0],"KsJc":[1.0,0.0],"KsJd":[1.0,0.0],"KsJh":[1.0,0.0],"KsJs":[1.0,0.0],"KsKc":[1.0,0.0],"KsKh":[1.0,0.0],"KsQc":[1.0,0.0],"KsQd":[1.0,0.0],"KsQh":[1.0,0.0],"KsQs":[1.0,0.0],"KsTc":[1.0,0.0],"KsTd":[1.0,0.0],"KsTh":[1.0,0.0],"KsTs":[1.0,0.0],"Qc8c":[1.0,0.0],"Qc9c":[1.0,0.0],"QcJc":[1.0,0.0],"QcJd":[1.0,0.0],"QcJh":[1.0,0.0],"QcJs":[1.0,0.0],"QcTc":[1.0,0.0],"Qd8d":[1.0,0.0],"Qd9d":[1.0,0.0],"QdJc":[1.0,0.0],"QdJd":[1.0,0.0],"QdJh":[1.0,0.0],"QdJs":[1.0,0.0],"QdQc":[1.0,0.0],"QdTd":[1.0,0.0],"Qh8h":[1.0,0.0],"Qh9h":[1.0,0.0],"QhJc":[1.0,0.0],"QhJd":[1.0,0.0],"QhJh":[1.0,0.0],"QhJs":[1.0,0.0],"QhQc":[1.0,0.0],"QhQd":[1.0,0.0],"QhTh":[1.0,0.0],"Qs8s":[1.0,0.0],"Qs9s":[1.0,0.0],"QsJc":[1.0,0.0],"QsJd":[1.0,0.0],"QsJh":[1.0,0.0],"QsJs":[1.0,0.0],"QsQc":[1.0,0.0],"QsQd":[1.0,0.0],"QsQh":[1.0,0.0],"QsTs":[1.0,0.0],"TdTc":[1.0,0.0],"ThTc":[1.0,0.0],"ThTd":[1.0,0.0],"TsTc":[1.0,0.0],"TsTd":[1.0,0.0],"TsTh":[1.0,0.0]}}},"CHECK":{"actions":["CHECK","BET 115.000000"],"childrens":{"BET 115.000000":{"actions":["CALL","FOLD"],"node_type":"action_node","player":1,"strategy":{"actions":["CALL","FOLD"],"strategy":{"6d6c":[1.0,0.0],"6h6c":[1.0,0.0],"6h6d":[1.0,0.0],"7s7d":[1.0,0.0],"8d8c":[1.0,0.0],"8h8c":[1.0,0.0],"8h8d":[1.0,0.0],"8s8c":[1.0,0.0],"8s8d":[1.0,0.0],"8s8h":[1.0,0.0],"9d9c":[1.0,0.0],"9h9c":[1.0,0.0],"9h9d":[1.0,0.0],"9s9c":[1.0,0.0],"9s9d":[1.0,0.0],"9s9h":[1.0,0.0],"Ac6c":[1.0,0.0],"Ac6d":[1.0,0.0],"Ac6h":[1.0,0.0],"Ac7d":[1.0,0.0],"Ac7s":[1.0,0.0],"Ac8c":[1.0,0.0],"Ac8d":[1.0,0.0],"Ac8h":[1.0,0.0],"Ac8s":[1.0,0.0],"Ac9c":[1.0,0.0],"Ac9d":[1.0,0.0],"Ac9h":[1.0,0.0],"Ac9s":[1.0,0.0],"AcJc":[1.0,0.0],"AcJd":[1.0,0.0],"AcJh":[1.0,0.0],"AcJs":[1.0,0.0],"AcKc":[1.0,0.0],"AcKh":[1.0,0.0],"AcKs":[1.0,0.0],"AcQc":[1.0,0.0],"AcQd":[1.0,0.0],"AcQh":[1.0,0.0],"AcQs":[1.0,0.0],"AcTc":[1.0,0.0],"AcTd":[1.0,0.0],"AcTh":[1.0,0.0],"AcTs":[1.0,0.0],"Ad6c":[1.0,0.0],"Ad6d":[1.0,0.0],"Ad6h":[1.0,0.0],"Ad7d":[1.0,0.0],"Ad7s":[1.0,0.0],"Ad8c":[1.0,0.0],"Ad8d":[1.0,0.0],"Ad8h":[1.0,0.0],"Ad8s":[1.0,0.0],"Ad9c":[1.0,0.0],"Ad9d":[1.0,0.0],"Ad9h":[1.0,0.0],"Ad9s":[1.0,0.0],"AdAc":[1.0,0.0],"AdJc":[1.0,0.0],"AdJd":[1.0,0.0],"AdJh":[1.0,0.0],"AdJs":[1.0,0.0],"AdKc":[1.0,0.0],"AdKh":[1.0,0.0],"AdKs":[1.0,0.0],"AdQc":[1.0,0.0],"AdQd":[1.0,0.0],"AdQh":[1.0,0.0],"AdQs":[1.0,0.0],"AdTc":[1.0,0.0],"AdTd":[1.0,0.0],"AdTh":[1.0,0.0],"AdTs":[1.0,0.0],"As6c":[1.0,0.0],"As6d":[1.0,0.0],"As6h":[1.0,0.0],"As7d":[1.0,0.0],"As7s":[1.0,0.0],"As8c":[1.0,0.0],"As8d":[1.0,0.0],"As8h":[1.0,0.0],"As8s":[1.0,0.0],"As9c":[1.0,0.0],"As9d":[1.0,0.0],"As9h":[1.0,0.0],"As9s":[1.0,0.0],"AsAc":[1.0,0.0],"AsAd":[1.0,0.0],"AsJc":[1.0,0.0],"AsJd":[1.0,0.0],"AsJh":[1.0,0.0],"AsJs":[1.0,0.0],"AsKc":[1.0,0.0],"AsKh":[1.0,0.0],"AsKs":[1.0,0.0],"AsQc":[1.0,0.0],"AsQd":[1.0,0.0],"AsQh":[1.0,0.0],"AsQs":[1.0,0.0],"AsTc":[1.0,0.0],"AsTd":[1.0,0.0],"AsTh":[1.0,0.0],"AsTs":[1.0,0.0],"Jc9c":[1.0,0.0],"JcTc":[1.0,0.0],"Jd9d":[1.0,0.0],"JdJc":[1.0,0.0],"JdTd":[1.0,0.0],"Jh9h":[1.0,0.0],"JhJc":[1.0,0.0],"JhJd":[1.0,0.0],"JhTh":[1.0,0.0],"Js9s":[1.0,0.0],"JsJc":[1.0,0.0],"JsJd":[1.0,0.0],"JsJh":[1.0,0.0],"JsTs":[1.0,0.0],"Kc8c":[1.0,0.0],"Kc9c":[1.0,0.0],"Kc9d":[1.0,0.0],"Kc9h":[1.0,0.0],"Kc9s":[1.0,0.0],"KcJc":[1.0,0.0],"KcJd":[1.0,0.0],"KcJh":[1.0,0.0],"KcJs":[1.0,0.0],"KcQc":[1.0,0.0],"KcQd":[1.0,0.0],"KcQh":[1.0,0.0],"KcQs":[1.0,0.0],"KcTc":[1.0,0.0],"KcTd":[1.0,0.0],"KcTh":[1.0,0.0],"KcTs":[1.0,0.0],"Kh8h":[1.0,0.0],"Kh9c":[1.0,0.0],"Kh9d":[1.0,0.0],"Kh9h":[1.0,0.0],"Kh9s":[1.0,0.0],"KhJc":[1.0,0.0],"KhJd":[1.0,0.0],"KhJh":[1.0,0.0],"KhJs":[1.0,0.0],"KhKc":[1.0,0.0],"KhQc":[1.0,0.0],"KhQd":[1.0,0.0],"KhQh":[1.0,0.0],"KhQs":[1.0,0.0],"KhTc":[1.0,0.0],"KhTd":[1.0,0.0],"KhTh":[1.0,0.0],"KhTs":[1.0,0.0],"Ks7s":[1.0,0.0],"Ks8s":[1.0,0.0],"Ks9c":[1.0,0.0],"Ks9d":[1.0,0.0],"Ks9h":[1.0,0.0],"Ks9s":[1.0,0.0],"KsJc":[1.0,0.0],"KsJd":[1.0,0.0],"KsJh":[1.0,0.0],"KsJs":[1.0,0.0],"KsKc":[1.0,0.0],"KsKh":[1.0,0.0],"KsQc":[1.0,0.0],"KsQd":[1.0,0.0],"KsQh":[1.0,0.0],"KsQs":[1.0,0.0],"KsTc":[1.0,0.0],"KsTd":[1.0,0.0],"KsTh":[1.0,0.0],"KsTs":[1.0,0.0],"Qc8c":[1.0,0.0],"Qc9c":[1.0,0.0],"QcJc":[1.0,0.0],"QcJd":[1.0,0.0],"QcJh":[1.0,0.0],"QcJs":[1.0,0.0],"QcTc":[1.0,0.0],"Qd8d":[1.0,0.0],"Qd9d":[1.0,0.0],"QdJc":[1.0,0.0],"QdJd":[1.0,0.0],"QdJh":[1.0,0.0],"QdJs":[1.0,0.0],"QdQc":[1.0,0.0],"QdTd":[1.0,0.0],"Qh8h":[1.0,0.0],"Qh9h":[1.0,0.0],"QhJc":[1.0,0.0],"QhJd":[1.0,0.0],"QhJh":[1.0,0.0],"QhJs":[1.0,0.0],"QhQc":[1.0,0.0],"QhQd":[1.0,0.0],"QhTh":[1.0,0.0],"Qs8s":[1.0,0.0],"Qs9s":[1.0,0.0],"QsJc":[1.0,0.0],"QsJd":[1.0,0.0],"QsJh":[1.0,0.0],"QsJs":[1.0,0.0],"QsQc":[1.0,0.0],"QsQd":[1.0,0.0],"QsQh":[1.0,0.0],"QsTs":[1.0,0.0],"TdTc":[1.0,0.0],"ThTc":[1.0,0.0],"ThTd":[1.0,0.0],"TsTc":[1.0,0.0],"TsTd":[1.0,0.0],"TsTh":[1.0,0.0]}}}},"node_type":"action_node","player":0,"strategy":{"actions":["CHECK","BET 115.000000"],"strategy":{"6d6c":[0.0,1.0],"6h6c":[0.0,1.0],"6h6d":[0.0,1.0],"7s7d":[0.0,1.0],"8d8c":[0.0,1.0],"8h8c":[0.0,1.0],"8h8d":[0.0,1.0],"8s8c":[0.0,1.0],"8s8d":[0.0,1.0],"8s8h":[0.0,1.0],"9d9c":[0.0,1.0],"9h9c":[0.0,1.0],"9h9d":[0.0,1.0],"9s9c":[0.0,1.0],"9s9d":[0.0,1.0],"9s9h":[0.0,1.0],"Ac6c":[0.0,1.0],"Ac6d":[0.0,1.0],