{"actions":["CHECK","BET 125.000000"],"childrens":{"BET 125.000000":{"actions":["CALL","FOLD"],"node_type":"action_node","player":0,"strategy":{"actions":["CALL","FOLD"],"strategy":{"4c3c":[1.0,0.0],"4d3d":[1.0,0.0],"4h3h":[1.0,0.0],"4s3s":[1.0,0.0],"5c3c":[1.0,0.0],"5c4c":[1.0,0.0],"5d3d":[1.0,0.0],"5d4d":[1.0,0.0],"5d5c":[1.0,0.0],"5h3h":[1.0,0.0],"5h4h":[1.0,0.0],"5h5c":[1.0,0.0],"5h5d":[1.0,0.0],"5s3s":[1.0,0.0],"5s4s":[1.0,0.0],"5s5c":[1.0,0.0],"5s5d":[1.0,0.0],"5s5h":[1.0,0.0],"6c4c":[1.0,0.0],"6c5c":[1.0,0.0],"6d4d":[1.0,0.0],"6d5d":[1.0,0.0],"6d6c":[1.0,0.0],"6h4h":[1.0,0.0],"6h5h":[1.0,0.0],"6h6c":[1.0,0.0],"6h6d":[1.0,0.0],"6s4s":[1.0,0.0],"6s5s":[1.0,0.0],"6s6c":[1.0,0.0],"6s6d":[1.0,0.0],"6s6h":[1.0,0.0],"7c5c":[1.0,0.0],"7c6c":[1.0,0.0],"7d5d":[1.0,0.0],"7d6d":[1.0,0.0],"7d7c":[1.0,0.0],"8c5c":[1.0,0.0],"8c6c":[1.0,0.0],"8c7c":[1.0,0.0],"8d5d":[1.0,0.0],"8d6d":[1.0,0.0],"8d7d":[1.0,0.0],"8d8c":[1.0,0.0],"8h5h":[1.0,0.0],"8h6h":[1.0,0.0],"8h8c":[1.0,0.0],"8h8d":[1.0,0.0],"8s5s":[1.0,0.0],"8s6s":[1.0,0.0],"8s8c":[1.0,0.0],"8s8d":[1.0,0.0],"8s8h":[1.0,0.0],"9c6c":[1.0,0.0],"9c7c":[1.0,0.0],"9c8c":[1.0,0.0],"9d6d":[1.0,0.0],"9d7d":[1.0,0.0],"9d8d":[1.0,0.0],"9d9c":[1.0,0.0],"9h6h":[1.0,0.0],"9h8h":[1.0,0.0],"9h9c":[1.0,0.0],"9h9d":[1.0,0.0],"9s6s":[1.0,0.0],"9s8s":[1.0,0.0],"9s9c":[1.0,0.0],"9s9d":[1.0,0.0],"9s9h":[1.0,0.0],"Ac2c":[1.0,0.0],"Ac3c":[1.0,0.0],"Ac4c":[1.0,0.0],"Ac5c":[1.0,0.0],"Ac6c":[1.0,0.0],"AcJc":[1.0,0.0],"AcJd":[1.0,0.0],"AcJs":[1.0,0.0],"AcKc":[1.0,0.0],"AcKd":[1.0,0.0],"AcKh":[1.0,0.0],"AcKs":[1.0,0.0],"AcQc":[1.0,0.0],"AcQd":[1.0,0.0],"AcQh":[1.0,0.0],"AcTc":[1.0,0.0],"Ad2d":[1.0,0.0],"Ad3d":[1.0,0.0],"Ad4d":[1.0,0.0],"Ad5d":[1.0,0.0],"Ad6d":[1.0,0.0],"AdAc":[1.0,0.0],"AdJc":[1.0,0.0],"AdJd":[1.0,0.0],"AdJs":[1.0,0.0],"AdKc":[1.0,0.0],"AdKd":[1.0,0.0],"AdKh":[1.0,0.0],"AdKs":[1.0,0.0],"AdQc":[1.0,0.0],"AdQd":[1.0,0.0],"AdQh":[1.0,0.0],"AdTd":[1.0,0.0],"Ah3h":[1.0,0.0],"Ah4h":[1.0,0.0],"Ah5h":[1.0,0.0],"Ah6h":[1.0,0.0],"AhAc":[1.0,0.0],"AhAd":[1.0,0.0],"AhJc":[1.0,0.0],"AhJd":[1.0,0.0],"AhJs":[1.0,0.0],"AhKc":[1.0,0.0],"AhKd":[1.0,0.0],"AhKh":[1.0,0.0],"AhKs":[1.0,0.0],"AhQc":[1.0,0.0],"AhQd":[1.0,0.0],"AhQh":[1.0,0.0],"AhTh":[1.0,0.0],"As2s":[1.0,0.0],"As3s":[1.0,0.0],"As4s":[1.0,0.0],"As5s":[1.0,0.0],"As6s":[1.0,0.0],"AsAc":[1.0,0.0],"AsAd":[1.0,0.0],"AsAh":[1.0,0.0],"AsJc":[1.0,0.0],"AsJd":[1.0,0.0],"AsJs":[1.0,0.0],"AsKc":[1.0,0.0],"AsKd":[1.0,0.0],"AsKh":[1.0,0.0],"AsKs":[1.0,0.0],"AsQc":[1.0,0.0],"AsQd":[1.0,0.0],"AsQh":[1.0,0.0],"AsTs":[1.0,0.0],"Jc8c":[1.0,0.0],"Jc9c":[1.0,0.0],"JcTc":[1.0,0.0],"Jd8d":[1.0,0.0],"Jd9d":[1.0,0.0],"JdJc":[1.0,0.0],"JdTd":[1.0,0.0],"Js8s":[1.0,0.0],"Js9s":[1.0,0.0],"JsJc":[1.0,0.0],"JsJd":[1.0,0.0],"JsTs":[1.0,0.0],"Kc4c":[1.0,0.0],"Kc5c":[1.0,0.0],"KcJc":[1.0,0.0],"KcQc":[1.0,0.0],"KcQd":[1.0,0.0],"KcQh":[1.0,0.0],"KcTc":[1.0,0.0],"Kd4d":[1.0,0.0],"Kd5d":[1.0,0.0],"KdJd":[1.0,0.0],"KdKc":[1.0,0.0],"KdQc":[1.0,0.0],"KdQd":[1.0,0.0],"KdQh":[1.0,0.0],"KdTd":[1.0,0.0],"Kh4h":[1.0,0.0],"Kh5h":[1.0,0.0],"KhKc":[1.0,0.0],"KhKd":[1.0,0.0],"KhQc":[1.0,0.0],"KhQd":[1.0,0.0],"KhQh":[1.0,0.0],"KhTh":[1.0,0.0],"Ks4s":[1.0,0.0],"Ks5s":[1.0,0.0],"KsJs":[1.0,0.0],"KsKc":[1.0,0.0],"KsKd":[1.0,0.0],"KsKh":[1.0,0.0],"KsQc":[1.0,0.0],"KsQd":[1.0,0.0],"KsQh":[1.0,0.0],"KsTs":[1.0,0.0],"Qc9c":[1.0,0.0],"QcJc":[1.0,0.0],"QcTc":[1.0,0.0],"Qd9d":[1.0,0.0],"QdJd":[1.0,0.0],"QdQc":[1.0,0.0],"QdTd":[1.0,0.0],"Qh9h":[1.0,0.0],"QhQc":[1.0,0.0],"QhQd":[1.0,0.0],"QhTh":[1.0,0.0],"Tc7c":[1.0,0.0],"Tc8c":[1.0,0.0],"Tc9c":[1.0,0.0],"Td7d":[1.0,0.0],"Td8d":[1.0,0.0],"Td9d":[1.0,0.0],"TdTc":[1.0,0.0],"Th8h":[1.0,0.0],"Th9h":[1.0,0.0],"ThTc":[1.0,0.0],"ThTd":[1.0,0.0],"Ts8s":[1.0,0.0],"Ts9s":[1.0,0.0],"TsTc":[1.0,0.0],"TsTd":[1.0,0.0],"TsTh":[1.0,0.0]}}},"CHECK":{"actions":["CHECK","BET 125.000000"],"childrens":{"BET 125.000000":{"actions":["CALL","FOLD"],"node_type":"action_node","player":1,"strategy":{"actions":["CALL","FOLD"],"strategy":{"2d2c":[1.0,0.0],"2s2c":[1.0,0.0],"2s2d":[1.0,0.0],"Ac3c":[1.0,0.0],"AcQc":[1.0,0.0],"AcQd":[1.0,0.0],"AcQh":[1.0,0.0],"AcTd":[1.0,0.0],"AcTh":[1.0,0.0],"AcTs":[1.0,0.0],"Ad3d":[1.0,0.0],"AdQc":[1.0,0.0],"AdQd":[1.0,0.0],"AdQh":[1.0,0.0],"AdTc":[1.0,0.0],"AdTh":[1.0,0.0],"AdTs":[1.0,0.0],"Ah3h":[1.0,0.0],"AhQc":[1.0,0.0],"AhQd":[1.0,0.0],"AhQh":[1.0,0.0],"AhTc":[1.0,0.0],"AhTd":[1.0,0.0],"AhTs":[1.0,0.0],"As3s":[1.0,0.0],"AsQc":[1.0,0.0],"AsQd":[1.0,0.0],"AsQh":[1.0,0.0],"AsTc":[1.0,0.0],"AsTd":[1.0,0.0],"AsTh":[1.0,0.0],"Kc2c":[1.0,0.0],"Kc3c":[1.0,0.0],"Kc9c":[1.0,0.0],"KcQc":[1.0,0.0],"KcQd":[1.0,0.0],"KcQh":[1.0,0.0],"KcTc":[1.0,0.0],"KcTd":[1.0,0.0],"KcTh":[1.0,0.0],"KcTs":[1.0,0.0],"Kd2d":[1.0,0.0],"Kd3d":[1.0,0.0],"Kd9d":[1.0,0.0],"KdQc":[1.0,0.0],"KdQd":[1.0,0.0],"KdQh":[1.0,0.0],"KdTc":[1.0,0.0],"KdTd":[1.0,0.0],"KdTh":[1.0,0.0],"KdTs":[1.0,0.0],"Kh3h":[1.0,0.0],"Kh9h":[1.0,0.0],"KhQc":[1.0,0.0],"KhQd":[1.0,0.0],"KhQh":[1.0,0.0],"KhTc":[1.0,0.0],"KhTd":[1.0,0.0],"KhTh":[1.0,0.0],"KhTs":[1.0,0.0],"Ks2s":[1.0,0.0],"Ks3s":[1.0,0.0],"Ks9s":[1.0,0.0],"KsQc":[1.0,0.0],"KsQd":[1.0,0.0],"KsQh":[1.0,0.0],"KsTc":[1.0,0.0],"KsTd":[1.0,0.0],"KsTh":[1.0,0.0],"KsTs":[1.0,0.0],"Qc8c":[1.0,0.0],"Qc9c":[1.0,0.0],"QcJd":[1.0,0.0],"QcJs":[1.0,0.0],"Qd8d":[1.0,0.0],"Qd9d":[1.0,0.0],"QdJc":[1.0,0.0],"QdJs":[1.0,0.0],"QdQc":[1.0,0.0],"Qh8h":[1.0,0.0],"Qh9h":[1.0,0.0],"QhJc":[1.0,0.0],"QhJd":[1.0,0.0],"QhJs":[1.0,0.0],"QhQc":[1.0,0.0],"QhQd":[1.0,0.0],"Tc8c":[1.0,0.0],"Td8d":[1.0,0.0],"Th8h":[1.0,0.0],"Ts8s":[1.0,0.0]}}}},"node_type":"action_node","player":0,"strategy":{"actions":["CHECK","BET 125.000000"],"strategy":{"4c3c":[0.0,1.0],"4d3d":[0.0,1.0],"4h3h":[0.0,1.0],"4s3s":[0.0,1.0],"5c3c":[0.0,1.0],"5c4c":[0.0,1.0],"5d3d":[0.0,1.0],"5d4d":[0.0,1.0],"5d5c":[0.0,1.0],"5h3h":[0.0,1.0],"5h4h":[0.0,1.0],"5h5c":[0.0,1.0],"5h5d":[0.0,1.0],"5s3s":[0.0,1.0],"5s4s":[0.0,1.0],"5s5c":[0.0,1.0],"5s5d":[0.0,1.0],"5s5h":[0.0,1.0],"6c4c":[0.0,1.0],"6c5c":[0.0,1.0],"6d4d":[0.0,1.0],"6d5d":[0.0,1.0],"6d6c":[0.0,1.0],"6h4h":[0.0,1.0],"6h5h":[0.0,1.0],"6h6c":[0.0,1.0],"6h6d":[0.0,1.0],"6s4s":[0.0,1.0],"6s5s":[0.0,1.0],"6s6c":[0.0,1.0],"6s6d":[0.0,1.0],"6s6h":[0.0,1.0],"7c5c":[0.0,1.0],"7c6c":[0.0,1.0],"7d5d":[0.0,1.0],"7d6d":[0.0,1.0],"7d7c":[0.0,1.0],"8c5c":[0.0,1.0],"8c6c":[0.0,1.0],"8c7c":[0.0,1.0],"8d5d":[0.0,1.0],"8d6d":[0.0,1.0],"8d7d":[0.0,1.0],"8d8c":[0.0,1.0],"8h5h":[0.0,1.0],"8h6h":[0.0,1.0],"8h8c":[0.0,1.0],"8h8d":[0.0,1.0],"8s5s":[0.0,1.0],"8s6s":[0.0,1.0],"8s8c":[0.0,1.0],"8s8d":[0.0,1.0],"8s8h":[0.0,1.0],"9c6c":[0.0,1.0],"9c7c":[0.0,1.0],"9c8c":[0.0,1.0],"9d6d":[0.0,1.0],"9d7d":[0.0,1.0],"9d8d":[0.0,1.0],"9d9c":[0.0,1.0],"9h6h":[0.0,1.0],"9h8h":[0.0,1.0],"9h9c":[0.0,1.0],"9h9d":[0.0,1.0],"9s6s":[0.0,1.0],"9s8s":[0.0,1.0],"9s9c":[0.0,1.0],"9s9d":[0.0,1.0],"9s9h":[0.0,1.0],"Ac2c":[0.0,1.0],"Ac3c":[0.0,1.0],"Ac4c":[0.0,1.0],"Ac5c":[0.0,1.0],"Ac6c":[0.0,1.0],"AcJc":[0.0,1.0],"AcJd":[0.0,1.0],"AcJs":[0.0,1.0],"AcKc":[0.0,1.0],"AcKd":[0.0,1.0],"AcKh":[0.0,1.0],"AcKs":[0.0,1.0],"AcQc":[0.0,1.0],"AcQd":[0.0,1.0],"AcQh":[0.0,1.0],"AcTc":[0.0,1.0],"Ad2d":[0.0,1.0],"Ad3d":[0.0,1.0],"Ad4d":[0.0,1.0],"Ad5d":[0.0,1.0],"Ad6d":[0.0,1.0],"AdAc":[0.0,1.0],"AdJc":[0.0,1.0],"AdJd":[0.0,1.0],"AdJs":[0.0,1.0],"AdKc":[0.0,1.0],"AdKd":[0.0,1.0],"AdKh":[0.0,1.0],"AdKs":[0.0,1.0],"AdQc":[0.0,1.0],"AdQd":[0.0,1.0],"AdQh":[0.0,1.0],"AdTd":[0.0,1.0],"Ah3h":[0.0,1.0],"Ah4h":[0.0,1.0],"Ah5h":[0.0,1.0],"Ah6h":[0.0,1.0],"AhAc":[0.0,1.0],"AhAd":[0.0,1.0],"AhJc":[0.0,1.0],"AhJd":[0.0,1.0],"AhJs":[0.0,1.0],"AhKc":[0.0,1.0],"AhKd":[0.0,1.0],"AhKh":[0.0,1.0],"AhKs":[0.0,1.0],"AhQc":[0.0,1.0],"AhQd":[0.0,1.0],"AhQh":[0.0,1.0],"AhTh":[0.0,1.0],"As2s":[0.0,1.0],"As3s":[0.0,1.0],"As4s":[0.0,1.0],"As5s":[0.0,1.0],"As6s":[0.0,1.0],"AsAc":[0.0,1.0],"AsAd":[0.0,1.0],"AsAh":[0.0,1.0],"AsJc":[0.0,1.0],"AsJd":[0.0,1.0],"AsJs":[0.0,1.0],"AsKc":[0.0,1.0],"AsKd":[0.0,1.0],"AsKh":[0.0,1.0],"AsKs":[0.0,1.0],"AsQc":[0.0,1.0],"AsQd":[0.0,1.0],"AsQh":[0.0,1.0],"AsTs":[0.0,1.0],"Jc8c":[0.0,1.0],"Jc9c":[0.0,1.0],"JcTc":[0.0,1.0],"Jd8d":[0.0,1.0],