{"actions":["CHECK","BET 115.000000"],"childrens":{"BET 115.000000":{"actions":["CALL","FOLD"],"node_type":"action_node","player":0,"strategy":{"actions":["CALL","FOLD"],"strategy":{"4d4c":[1.0,0.0],"4h4c":[1.0,0.0],"4h4d":[1.0,0.0],"4s4c":[1.0,0.0],"4s4d":[1.0,0.0],"4s4h":[1.0,0.0],"5c4c":[1.0,0.0],"5d4d":[1.0,0.0],"5d5c":[1.0,0.0],"5h4h":[1.0,0.0],"5h5c":[1.0,0.0],"5h5d":[1.0,0.0],"5s4s":[1.0,0.0],"5s5c":[1.0,0.0],"5s5d":[1.0,0.0],"5s5h":[1.0,0.0],"6d6c":[1.0,0.0],"6s6c":[1.0,0.0],"6s6d":[1.0,0.0],"7c6c":[1.0,0.0],"7c6d":[1.0,0.0],"7c6s":[1.0,0.0],"7d6c":[1.0,0.0],"7d6d":[1.0,0.0],"7d6s":[1.0,0.0],"7h6c":[1.0,0.0],"7h6d":[1.0,0.0],"7h6s":[1.0,0.0],"7s6c":[1.0,0.0],"7s6d":[1.0,0.0],"7s6s":[1.0,0.0],"8c7c":[1.0,0.0],"8d7d":[1.0,0.0],"8d8c":[1.0,0.0],"8s7s":[1.0,0.0],"8s8c":[1.0,0.0],"8s8d":[1.0,0.0],"9c8c":[1.0,0.0],"9d8d":[1.0,0.0],"9s8s":[1.0,0.0],"Ac2c":[1.0,0.0],"Ac4c":[1.0,0.0],"Ac5c":[1.0,0.0],"Ac6c":[1.0,0.0],"Ac6d":[1.0,0.0],"Ac6s":[1.0,0.0],"Ac9c":[1.0,0.0],"Ac9d":[1.0,0.0],"Ac9h":[1.0,0.0],"Ac9s":[1.0,0.0],"AcKd":[1.0,0.0],"AcKh":[1.0,0.0],"AcKs":[1.0,0.0],"AcTc":[1.0,0.0],"AcTd":[1.0,0.0],"AcTh":[1.0,0.0],"AcTs":[1.0,0.0],"Ad2d":[1.0,0.0],"Ad4d":[1.0,0.0],"Ad5d":[1.0,0.0],"Ad6c":[1.0,0.0],"Ad6d":[1.0,0.0],"Ad6s":[1.0,0.0],"Ad9c":[1.0,0.0],"Ad9d":[1.0,0.0],"Ad9h":[1.0,0.0],"Ad9s":[1.0,0.0],"AdKd":[1.0,0.0],"AdKh":[1.0,0.0],"AdKs":[1.0,0.0],"AdTc":[1.0,0.0],"AdTd":[1.0,0.0],"AdTh":[1.0,0.0],"AdTs":[1.0,0.0],"Ah2h":[1.0,0.0],"Ah4h":[1.0,0.0],"Ah5h":[1.0,0.0],"Ah6c":[1.0,0.0],"Ah6d":[1.0,0.0],"Ah6s":[1.0,0.0],"Ah9c":[1.0,0.0],"Ah9d":[1.0,0.0],"Ah9h":[1.0,0.0],"Ah9s":[1.0,0.0],"AhKd":[1.0,0.0],"AhKh":[1.0,0.0],"AhKs":[1.0,0.0],"AhTc":[1.0,0.0],"AhTd":[1.0,0.0],"AhTh":[1.0,0.0],"AhTs":[1.0,0.0],"As2s":[1.0,0.0],"As4s":[1.0,0.0],"As5s":[1.0,0.0],"As6c":[1.0,0.0],"As6d":[1.0,0.0],"As6s":[1.0,0.0],"As9c":[1.0,0.0],"As9d":[1.0,0.0],"As9h":[1.0,0.0],"As9s":[1.0,0.0],"AsKd":[1.0,0.0],"AsKh":[1.0,0.0],"AsKs":[1.0,0.0],"AsTc":[1.0,0.0],"AsTd":[1.0,0.0],"AsTh":[1.0,0.0],"AsTs":[1.0,0.0],"JhJd":[1.0,0.0],"JsJd":[1.0,0.0],"JsJh":[1.0,0.0],"Kd2d":[1.0,0.0],"Kd4d":[1.0,0.0],"Kd5d":[1.0,0.0],"Kd6d":[1.0,0.0],"Kd7c":[1.0,0.0],"Kd7h":[1.0,0.0],"Kd7s":[1.0,0.0],"Kd8c":[1.0,0.0],"Kd8d":[1.0,0.0],"Kd8s":[1.0,0.0],"Kd9c":[1.0,0.0],"Kd9d":[1.0,0.0],"Kd9h":[1.0,0.0],"Kd9s":[1.0,0.0],"KdJd":[1.0,0.0],"KdJh":[1.0,0.0],"KdJs":[1.0,0.0],"KdQc":[1.0,0.0],"KdQd":[1.0,0.0],"KdQh":[1.0,0.0],"KdQs":[1.0,0.0],"KdTc":[1.0,0.0],"KdTd":[1.0,0.0],"KdTh":[1.0,0.0],"KdTs":[1.0,0.0],"Kh2h":[1.0,0.0],"Kh3h":[1.0,0.0],"Kh4h":[1.0,0.0],"Kh5h":[1.0,0.0],"Kh7c":[1.0,0.0],"Kh7d":[1.0,0.0],"Kh7s":[1.0,0.0],"Kh8c":[1.0,0.0],"Kh8d":[1.0,0.0],"Kh8s":[1.0,0.0],"Kh9c":[1.0,0.0],"Kh9d":[1.0,0.0],"Kh9h":[1.0,0.0],"Kh9s":[1.0,0.0],"KhJd":[1.0,0.0],"KhJh":[1.0,0.0],"KhJs":[1.0,0.0],"KhQc":[1.0,0.0],"KhQd":[1.0,0.0],"KhQh":[1.0,0.0],"KhQs":[1.0,0.0],"KhTc":[1.0,0.0],"KhTd":[1.0,0.0],"KhTh":[1.0,0.0],"KhTs":[1.0,0.0],"Ks2s":[1.0,0.0],"Ks3s":[1.0,0.0],"Ks4s":[1.0,0.0],"Ks5s":[1.0,0.0],"Ks6s":[1.0,0.0],"Ks7c":[1.0,0.0],"Ks7d":[1.0,0.0],"Ks7h":[1.0,0.0],"Ks8c":[1.0,0.0],"Ks8d":[1.0,0.0],"Ks8s":[1.0,0.0],"Ks9c":[1.0,0.0],"Ks9d":[1.0,0.0],"Ks9h":[1.0,0.0],"Ks9s":[1.0,0.0],"KsJd":[1.0,0.0],"KsJh":[1.0,0.0],"KsJs":[1.0,0.0],"KsQc":[1.0,0.0],"KsQd":[1.0,0.0],"KsQh":[1.0,0.0],"KsQs":[1.0,0.0],"KsTc":[1.0,0.0],"KsTd":[1.0,0.0],"KsTh":[1.0,0.0],"KsTs":[1.0,0.0],"Qc9c":[1.0,0.0],"Qc9d":[1.0,0.0],"Qc9h":[1.0,0.0],"Qc9s":[1.0,0.0],"Qd9c":[1.0,0.0],"Qd9d":[1.0,0.0],"Qd9h":[1.0,0.0],"Qd9s":[1.0,0.0],"Qh9c":[1.0,0.0],"Qh9d":[1.0,0.0],"Qh9h":[1.0,0.0],"Qh9s":[1.0,0.0],"Qs9c":[1.0,0.0],"Qs9d":[1.0,0.0],"Qs9h":[1.0,0.0],"Qs9s":[1.0,0.0]}}},"CHECK":{"actions":["CHECK","BET 115.000000"],"childrens":{"BET 115.000000":{"actions":["CALL","FOLD"],"node_type":"action_node","player":1,"strategy":{"actions":["CALL","FOLD"],"strategy":{"4c3c":[1.0,0.0],"4h3h":[1.0,0.0],"4s3s":[1.0,0.0],"5c4c":[1.0,0.0],"5d4d":[1.0,0.0],"5h4h":[1.0,0.0],"5s4s":[1.0,0.0],"7c5c":[1.0,0.0],"7d5d":[1.0,0.0],"7h5h":[1.0,0.0],"7s5s":[1.0,0.0],"8c6c":[1.0,0.0],"8c7c":[1.0,0.0],"8c7d":[1.0,0.0],"8c7h":[1.0,0.0],"8c7s":[1.0,0.0],"8d6d":[1.0,0.0],"8d7c":[1.0,0.0],"8d7d":[1.0,0.0],"8d7h":[1.0,0.0],"8d7s":[1.0,0.0],"8d8c":[1.0,0.0],"8s6s":[1.0,0.0],"8s7c":[1.0,0.0],"8s7d":[1.0,0.0],"8s7h":[1.0,0.0],"8s7s":[1.0,0.0],"8s8c":[1.0,0.0],"8s8d":[1.0,0.0],"9c7c":[1.0,0.0],"9c8c":[1.0,0.0],"9d7d":[1.0,0.0],"9d8d":[1.0,0.0],"9h7h":[1.0,0.0],"9s7s":[1.0,0.0],"9s8s":[1.0,0.0],"Ac2c":[1.0,0.0],"Ac3c":[1.0,0.0],"Ac4c":[1.0,0.0],"Ac5c":[1.0,0.0],"Ac6c":[1.0,0.0],"Ac7c":[1.0,0.0],"Ac8c":[1.0,0.0],"Ac8d":[1.0,0.0],"Ac8s":[1.0,0.0],"AcJd":[1.0,0.0],"AcJh":[1.0,0.0],"AcJs":[1.0,0.0],"AcKd":[1.0,0.0],"AcKh":[1.0,0.0],"AcKs":[1.0,0.0],"Ad2d":[1.0,0.0],"Ad4d":[1.0,0.0],"Ad5d":[1.0,0.0],"Ad6d":[1.0,0.0],"Ad7d":[1.0,0.0],"Ad8c":[1.0,0.0],"Ad8d":[1.0,0.0],"Ad8s":[1.0,0.0],"AdAc":[1.0,0.0],"AdJd":[1.0,0.0],"AdJh":[1.0,0.0],"AdJs":[1.0,0.0],"AdKd":[1.0,0.0],"AdKh":[1.0,0.0],"AdKs":[1.0,0.0],"Ah2h":[1.0,0.0],"Ah3h":[1.0,0.0],"Ah4h":[1.0,0.0],"Ah5h":[1.0,0.0],"Ah7h":[1.0,0.0],"Ah8c":[1.0,0.0],"Ah8d":[1.0,0.0],"Ah8s":[1.0,0.0],"AhAc":[1.0,0.0],"AhAd":[1.0,0.0],"AhJd":[1.0,0.0],"AhJh":[1.0,0.0],"AhJs":[1.0,0.0],"AhKd":[1.0,0.0],"AhKh":[1.0,0.0],"AhKs":[1.0,0.0],"As2s":[1.0,0.0],"As3s":[1.0,0.0],"As4s":[1.0,0.0],"As5s":[1.0,0.0],"As6s":[1.0,0.0],"As7s":[1.0,0.0],"As8c":[1.0,0.0],"As8d":[1.0,0.0],"As8s":[1.0,0.0],"AsAc":[1.0,0.0],"AsAd":[1.0,0.0],"AsAh":[1.0,0.0],"AsJd":[1.0,0.0],"AsJh":[1.0,0.0],"AsJs":[1.0,0.0],"AsKd":[1.0,0.0],"AsKh":[1.0,0.0],"AsKs":[1.0,0.0],"Jd6d":[1.0,0.0],"Jd7d":[1.0,0.0],"Jd9d":[1.0,0.0],"JdTd":[1.0,0.0],"Jh7h":[1.0,0.0],"Jh9h":[1.0,0.0],"JhJd":[1.0,0.0],"JhTh":[1.0,0.0],"Js6s":[1.0,0.0],"Js7s":[1.0,0.0],"Js9s":[1.0,0.0],"JsJd":[1.0,0.0],"JsJh":[1.0,0.0],"JsTs":[1.0,0.0],"Kd2d":[1.0,0.0],"Kd4d":[1.0,0.0],"Kd5d":[1.0,0.0],"Kd6d":[1.0,0.0],"Kd7c":[1.0,0.0],"Kd7d":[1.0,0.0],"Kd7h":[1.0,0.0],"Kd7s":[1.0,0.0],"Kd8c":[1.0,0.0],"Kd8d":[1.0,0.0],"Kd8s":[1.0,0.0],"Kd9c":[1.0,0.0],"Kd9d":[1.0,0.0],"Kd9h":[1.0,0.0],"Kd9s":[1.0,0.0],"KdJh":[1.0,0.0],"KdJs":[1.0,0.0],"KdQc":[1.0,0.0],"KdQd":[1.0,0.0],"KdQh":[1.0,0.0],"KdQs":[1.0,0.0],"KdTc":[1.0,0.0],"KdTd":[1.0,0.0],"KdTh":[1.0,0.0],"KdTs":[1.0,0.0],"Kh2h":[1.0,0.0],"Kh3h":[1.0,0.0],"Kh4h":[1.0,0.0],"Kh5h":[1.0,0.0],"Kh7c":[1.0,0.0],"Kh7d":[1.0,0.0],"Kh7h":[1.0,0.0],"Kh7s":[1.0,0.0],"Kh8c":[1.0,0.0],"Kh8d":[1.0,0.0],"Kh8s":[1.0,0.0],"Kh9c":[1.0,0.0],"Kh9d":[1.0,0.0],"Kh9h":[1.0,0.0],"Kh9s":[1.0,0.0],"KhJd":[1.0,0.0],"KhJs":[1.0,0.0],"KhKd":[1.0,0.0],"KhQc":[1.0,0.0],"KhQd":[1.0,0.0],"KhQh":[1.0,0.0],"KhQs":[1.0,0.0],"KhTc":[1.0,0.0],"KhTd":[1.0,0.0],"KhTh":[1.0,0.0],"KhTs":[1.0,0.0],"Ks2s":[1.0,0.0],"Ks3s":[1.0,0.0],"Ks4s":[1.0,0.0],"Ks5s":[1.0,0.0],"Ks6s":[1.0,0.0],"Ks7c":[1.0,0.0],"Ks7d":[1.0,0.0],"Ks7h":[1.0,0.0],"Ks7s":[1.0,0.0],"Ks8c":[1.0,0.0],"Ks8d":[1.0,0.0],"Ks8s":[1.0,0.0],"Ks9c":[1.0,0.0],"Ks9d":[1.0,0.0],"Ks9h":[1.0,0.0],"Ks9s":[1.0,0.0],"KsJd":[1.0,0.0],"KsJh":[1.0,0.0],"KsKd":[1.0,0.0],"KsKh":[1.0,0.0],"KsQc":[1.0,0.0],"KsQd":[1.0,0.0],"KsQh":[1.0,0.0],"KsQs":[1.0,0.0],"KsTc":[1.0,0.0],"KsTd":[1.0,0.0],"KsTh":[1.0,0.0],"KsTs":[1.0,0.0],"Qc5c":[1.0,0.0],"Qc7c":[1.0,0.0],"Qc8c":[1.0,0.0],"Qc9c":[1.0,0.0],"QcTc":[1.0,0.0],"QcTd":[1.0,0.0],"QcTh":[1.0,0.0],"QcTs":[1.0,0.0],"Qd5d":[1.0,0.0],"Qd7d":[1.0,0.0],"Qd8d":[1.0,0.0],"Qd9d":[1.0,0.0],"QdJd":[1.0,0.0],"QdQc":[1.0,0.0],"QdTc":[1.0,0.0],"QdTd":[1.0,0.0],"QdTh":[1.0,0.0],"QdTs":[1.0,0.0],"Qh5h":[1.0,0.0],"Qh7h":[1.0,0.0],"Qh9h":[1.0,0.0],"QhJh":[1.0,0.0],"QhQc":[1.0,0.0],"QhQd":[1.0,0.0],"QhTc":[1.0,0.0],"QhTd":[1.0,0.0],"QhTh":[1.0,0.0],"QhTs":[1.0,0.0],"Qs5s":[1.0,0.0],"Qs7s":[1.0,0.0],"Qs8s":[1.0,0.0],"Qs9s":[1.0,0.0],"QsJs":[1.0,0.0],"QsQc":[1.0,0.0],"QsQd":[1.0,0.0],"QsQh":[1.0,0.0],"QsTc":[1.0,0.0],"QsTd":[1.0,0.0],"QsTh":[1.0,0.0],"QsTs":[1.0,0.0],"Tc7c":[1.0,0.0],"Tc8c":[1.0,0.0],"Tc9c":[1.0,0.0],"Tc9d":[1.0,0.0],"Tc9h":[1.0,0.0],"Tc9s":[1.0,0.0],"Td7d":[1.0,0.0],"Td8d":[1.0,0.0],"Td9c":[1.0,0.0],"Td9d":[1.0,0.0],"Td9h":[1.0,0.0],"Td9s":[1.0,0.0],