{"actions":["CHECK","BET 125.000000"],"childrens":{"BET 125.000000":{"actions":["CALL","FOLD"],"node_type":"action_node","player":0,"strategy":{"actions":["CALL","FOLD"],"strategy":{"2d2c":[1.0,0.0],"2h2c":[1.0,0.0],"2h2d":[1.0,0.0],"2s2c":[1.0,0.0],"2s2d":[1.0,0.0],"2s2h":[1.0,0.0],"3d3c":[0.5,0.5],"4c3c":[1.0,0.0],"4d3d":[1.0,0.0],"4d4c":[1.0,0.0],"4h4c":[1.0,0.0],"4h4d":[1.0,0.0],"4s4c":[1.0,0.0],"4s4d":[1.0,0.0],"4s4h":[1.0,0.0],"5c3c":[1.0,0.0],"5c4c":[1.0,0.0],"5d3d":[1.0,0.0],"5d4d":[1.0,0.0],"5d5c":[1.0,0.0],"5h4h":[1.0,0.0],"5h5c":[1.0,0.0],"5h5d":[1.0,0.0],"5s4s":[1.0,0.0],"5s5c":[1.0,0.0],"5s5d":[1.0,0.0],"5s5h":[1.0,0.0],"6c4c":[1.0,0.0],"6c5c":[1.0,0.0],"6d4d":[1.0,0.0],"6d5d":[1.0,0.0],"6h4h":[1.0,0.0],"6h5h":[1.0,0.0],"6s4s":[1.0,0.0],"6s5s":[1.0,0.0],"7c5c":[1.0,0.0],"7c6c":[1.0,0.0],"7d5d":[1.0,0.0],"7d6d":[1.0,0.0],"7h5h":[1.0,0.0],"7h6h":[1.0,0.0],"7s5s":[1.0,0.0],"7s6s":[1.0,0.0],"8c6c":[1.0,0.0],"8c7c":[1.0,0.0],"8d6d":[1.0,0.0],"8d7d":[1.0,0.0],"8h6h":[1.0,0.0],"8h7h":[1.0,0.0],"8s6s":[1.0,0.0],"8s7s":[1.0,0.0],"9c7c":[1.0,0.0],"9c8c":[1.0,0.0],"9d7d":[1.0,0.0],"9d8d":[1.0,0.0],"9h7h":[1.0,0.0],"9h8h":[1.0,0.0],"9s7s":[1.0,0.0],"9s8s":[1.0,0.0],"Ac2c":[1.0,0.0],"Ac2d":[1.0,0.0],"Ac2h":[1.0,0.0],"Ac2s":[1.0,0.0],"Ac3c":[1.0,0.0],"Ac3d":[1.0,0.0],"Ac4c":[1.0,0.0],"Ac4d":[1.0,0.0],"Ac4h":[1.0,0.0],"Ac4s":[1.0,0.0],"Ac5c":[1.0,0.0],"Ac5d":[1.0,0.0],"Ac5h":[1.0,0.0],"Ac5s":[1.0,0.0],"Ac6c":[1.0,0.0],"Ac6d":[1.0,0.0],"Ac6h":[1.0,0.0],"Ac6s":[1.0,0.0],"Ac7c":[1.0,0.0],"Ac7d":[1.0,0.0],"Ac7h":[1.0,0.0],"Ac7s":[1.0,0.0],"Ac8c":[1.0,0.0],"Ac8d":[1.0,0.0],"Ac8h":[1.0,0.0],"Ac8s":[1.0,0.0],"Ac9c":[1.0,0.0],"Ac9d":[1.0,0.0],"Ac9h":[1.0,0.0],"Ac9s":[1.0,0.0],"AcJc":[1.0,0.0],"AcJd":[1.0,0.0],"AcJh":[1.0,0.0],"AcJs":[1.0,0.0],"AcKc":[1.0,0.0],"AcKh":[1.0,0.0],"AcKs":[1.0,0.0],"AcQc":[1.0,0.0],"AcQd":[1.0,0.0],"AcQh":[1.0,0.0],"AcQs":[1.0,0.0],"AcTd":[1.0,0.0],"AcTh":[1.0,0.0],"AcTs":[1.0,0.0],"Ad2c":[1.0,0.0],"Ad2d":[1.0,0.0],"Ad2h":[1.0,0.0],"Ad2s":[1.0,0.0],"Ad3c":[1.0,0.0],"Ad3d":[1.0,0.0],"Ad4c":[1.0,0.0],"Ad4d":[1.0,0.0],"Ad4h":[1.0,0.0],"Ad4s":[1.0,0.0],"Ad5c":[1.0,0.0],"Ad5d":[1.0,0.0],"Ad5h":[1.0,0.0],"Ad5s":[1.0,0.0],"Ad6c":[1.0,0.0],"Ad6d":[1.0,0.0],"Ad6h":[1.0,0.0],"Ad6s":[1.0,0.0],"Ad7c":[1.0,0.0],"Ad7d":[1.0,0.0],"Ad7h":[1.0,0.0],"Ad7s":[1.0,0.0],"Ad8c":[1.0,0.0],"Ad8d":[1.0,0.0],"Ad8h":[1.0,0.0],"Ad8s":[1.0,0.0],"Ad9c":[1.0,0.0],"Ad9d":[1.0,0.0],"Ad9h":[1.0,0.0],"Ad9s":[1.0,0.0],"AdAc":[1.0,0.0],"AdJc":[1.0,0.0],"AdJd":[1.0,0.0],"AdJh":[1.0,0.0],"AdJs":[1.0,0.0],"AdKc":[1.0,0.0],"AdKh":[1.0,0.0],"AdKs":[1.0,0.0],"AdQc":[1.0,0.0],"AdQd":[1.0,0.0],"AdQh":[1.0,0.0],"AdQs":[1.0,0.0],"AdTd":[1.0,0.0],"AdTh":[1.0,0.0],"AdTs":[1.0,0.0],"Ah2c":[1.0,0.0],"Ah2d":[1.0,0.0],"Ah2h":[1.0,0.0],"Ah2s":[1.0,0.0],"Ah3c":[1.0,0.0],"Ah3d":[1.0,0.0],"Ah4c":[1.0,0.0],"Ah4d":[1.0,0.0],"Ah4h":[1.0,0.0],"Ah4s":[1.0,0.0],"Ah5c":[1.0,0.0],"Ah5d":[1.0,0.0],"Ah5h":[1.0,0.0],"Ah5s":[1.0,0.0],"Ah6c":[1.0,0.0],"Ah6d":[1.0,0.0],"Ah6h":[1.0,0.0],"Ah6s":[1.0,0.0],"Ah7c":[1.0,0.0],"Ah7d":[1.0,0.0],"Ah7h":[1.0,0.0],"Ah7s":[1.0,0.0],"Ah8c":[1.0,0.0],"Ah8d":[1.0,0.0],"Ah8h":[1.0,0.0],"Ah8s":[1.0,0.0],"Ah9c":[1.0,0.0],"Ah9d":[1.0,0.0],"Ah9h":[1.0,0.0],"Ah9s":[1.0,0.0],"AhAc":[1.0,0.0],"AhAd":[1.0,0.0],"AhJc":[1.0,0.0],"AhJd":[1.0,0.0],"AhJh":[1.0,0.0],"AhJs":[1.0,0.0],"AhKc":[1.0,0.0],"AhKh":[1.0,0.0],"AhKs":[1.0,0.0],"AhQc":[1.0,0.0],"AhQd":[1.0,0.0],"AhQh":[1.0,0.0],"AhQs":[1.0,0.0],"AhTd":[1.0,0.0],"AhTh":[1.0,0.0],"AhTs":[1.0,0.0],"Jc6c":[1.0,0.0],"Jc7c":[1.0,0.0],"Jc8c":[1.0,0.0],"Jc9c":[1.0,0.0],"JcTd":[1.0,0.0],"JcTh":[1.0,0.0],"JcTs":[1.0,0.0],"Jd6d":[1.0,0.0],"Jd7d":[1.0,0.0],"Jd8d":[1.0,0.0],"Jd9d":[1.0,0.0],"JdJc":[1.0,0.0],"JdTd":[1.0,0.0],"JdTh":[1.0,0.0],"JdTs":[1.0,0.0],"Jh6h":[1.0,0.0],"Jh7h":[1.0,0.0],"Jh8h":[1.0,0.0],"Jh9h":[1.0,0.0],"JhJc":[1.0,0.0],"JhJd":[1.0,0.0],"JhTd":[1.0,0.0],"JhTh":[1.0,0.0],"JhTs":[1.0,0.0],"Js6s":[1.0,0.0],"Js7s":[1.0,0.0],"Js8s":[1.0,0.0],"Js9s":[1.0,0.0],"JsJc":[1.0,0.0],"JsJd":[1.0,0.0],"JsJh":[1.0,0.0],"JsTd":[1.0,0.0],"JsTh":[1.0,0.0],"JsTs":[1.0,0.0],"Kc2c":[1.0,0.0],"Kc3c":[1.0,0.0],"Kc4c":[1.0,0.0],"Kc5c":[1.0,0.0],"Kc6c":[1.0,0.0],"Kc7c":[1.0,0.0],"Kc8c":[1.0,0.0],"KcJc":[1.0,0.0],"KcJd":[1.0,0.0],"KcJh":[1.0,0.0],"KcJs":[1.0,0.0],"KcQc":[1.0,0.0],"KcQd":[1.0,0.0],"KcQh":[1.0,0.0],"KcQs":[1.0,0.0],"KcTd":[1.0,0.0],"KcTh":[1.0,0.0],"KcTs":[1.0,0.0],"Kh2h":[1.0,0.0],"Kh4h":[1.0,0.0],"Kh5h":[1.0,0.0],"Kh6h":[1.0,0.0],"Kh7h":[1.0,0.0],"Kh8h":[1.0,0.0],"KhJc":[1.0,0.0],"KhJd":[1.0,0.0],"KhJh":[1.0,0.0],"KhJs":[1.0,0.0],"KhQc":[1.0,0.0],"KhQd":[1.0,0.0],"KhQh":[1.0,0.0],"KhQs":[1.0,0.0],"KhTd":[1.0,0.0],"KhTh":[1.0,0.0],"KhTs":[1.0,0.0],"Ks2s":[1.0,0.0],"Ks4s":[1.0,0.0],"Ks5s":[1.0,0.0],"Ks6s":[1.0,0.0],"Ks7s":[1.0,0.0],"Ks8s":[1.0,0.0],"KsJc":[1.0,0.0],"KsJd":[1.0,0.0],"KsJh":[1.0,0.0],"KsJs":[1.0,0.0],"KsQc":[1.0,0.0],"KsQd":[1.0,0.0],"KsQh":[1.0,0.0],"KsQs":[1.0,0.0],"KsTd":[1.0,0.0],"KsTh":[1.0,0.0],"KsTs":[1.0,0.0],"Qc5c":[1.0,0.0],"Qc6c":[1.0,0.0],"Qc7c":[1.0,0.0],"Qc8c":[1.0,0.0],"Qc9c":[1.0,0.0],"QcJc":[1.0,0.0],"QcJd":[1.0,0.0],"QcJh":[1.0,0.0],"QcJs":[1.0,0.0],"QcTd":[1.0,0.0],"QcTh":[1.0,0.0],"QcTs":[1.0,0.0],"Qd5d":[1.0,0.0],"Qd6d":[1.0,0.0],"Qd7d":[1.0,0.0],"Qd8d":[1.0,0.0],"Qd9d":[1.0,0.0],"QdJc":[1.0,0.0],"QdJd":[1.0,0.0],"QdJh":[1.0,0.0],"QdJs":[1.0,0.0],"QdQc":[1.0,0.0],"QdTd":[1.0,0.0],"QdTh":[1.0,0.0],"QdTs":[1.0,0.0],"Qh5h":[1.0,0.0],"Qh6h":[1.0,0.0],"Qh7h":[1.0,0.0],"Qh8h":[1.0,0.0],"Qh9h":[1.0,0.0],"QhJc":[1.0,0.0],"QhJd":[1.0,0.0],"QhJh":[1.0,0.0],"QhJs":[1.0,0.0],"QhQc":[1.0,0.0],"QhQd":[1.0,0.0],"QhTd":[1.0,0.0],"QhTh":[1.0,0.0],"QhTs":[1.0,0.0],"Qs5s":[1.0,0.0],"Qs6s":[1.0,0.0],"Qs7s":[1.0,0.0],"Qs8s":[1.0,0.0],"Qs9s":[1.0,0.0],"QsJc":[1.0,0.0],"QsJd":[1.0,0.0],"QsJh":[1.0,0.0],"QsJs":[1.0,0.0],"QsQc":[1.0,0.0],"QsQd":[1.0,0.0],"QsQh":[1.0,0.0],"QsTd":[1.0,0.0],"QsTh":[1.0,0.0],"QsTs":[1.0,0.0],"Td7d":[1.0,0.0],"Td8d":[1.0,0.0],"Td9c":[1.0,0.0],"Td9d":[1.0,0.0],"Td9h":[1.0,0.0],"Td9s":[1.0,0.0],"Th7h":[1.0,0.0],"Th8h":[1.0,0.0],"Th9c":[1.0,0.0],"Th9d":[1.0,0.0],"Th9h":[1.0,0.0],"Th9s":[1.0,0.0],"ThTd":[1.0,0.0],"Ts7s":[1.0,0.0],"Ts8s":[1.0,0.0],"Ts9c":[1.0,0.0],"Ts9d":[1.0,0.0],"Ts9h":[1.0,0.0],"Ts9s":[1.0,0.0],"TsTd":[1.0,0.0],"TsTh":[1.0,0.0]}}},"CHECK":{"actions":["CHECK","BET 125.000000"],"childrens":{"BET 125.000000":{"actions":["CALL","FOLD"],"node_type":"action_node","player":1,"strategy":{"actions":["CALL","FOLD"],"strategy":{"Ac3c":[1.0,0.0],"Ac3d":[1.0,0.0],"Ad3c":[1.0,0.0],"Ad3d":[1.0,0.0],"Ah3c":[1.0,0.0],"Ah3d":[1.0,0.0]}}}},"node_type":"action_node","player":0,"strategy":{"actions":["CHECK","BET 125.000000"],"strategy":{"2d2c":[0.0,1.0],"2h2c":[0.0,1.0],"2h2d":[0.0,1.0],"2s2c":[0.0,1.0],"2s2d":[0.0,1.0],"2s2h":[0.0,1.0],"3d3c":[0.5,0.5],"4c3c":[0.0,1.0],"4d3d":[0.0,1.0],"4d4c":[0.0,1.0],"4h4c":[0.0,1.0],"4h4d":[0.0,1.0],"4s4c":[0.0,1.0],"4s4d":[0.0,1.0],"4s4h":[0.0,1.0],"5c3c":[0.0,1.0],"5c4c":[0.0,1.0],"5d3d":[0.0,1.0],"5d4d":[0.0,1.0],"5d5c":[0.0,1.0],"5h4h":[0.0,1.0],"5h5c":[0.0,1.0],"5h5d":[0.0,1.0],"5s4s":[0.0,1.0],"5s5c":[0.0,1.0],"5s5d":[0.0,1.0],"5s5h":[0.0,1.0],"6c4c":[0.0,1.0],"6c5c":[0.0,1.0],"6d4d":[0.0,1.0],"6d5d":[0.0,1.0],"6h4h":[0.0,1.0],"6h5h":[0.0,1.0],"6s4s":[0.0,1.0],"6s5s":[0.0,1.0],"7c5c":[0.0,1.0],"7c6c":[0.0,1.0],"7d5d":[0.0,1.0],"7d6d":[0.0,1.0],"7h5h":[0.0,1.0],"7h6h":[0.0,1.0],"7s5s":[0.0,1.0],"7s6s":[0.0,1.0],"8c6c":[0.0,1.0],"8c7c":[0.0,1.0],"8d6d":[0.0,1.0],"8d7d":[0.0,1.0],"8h6h":[0.0,1.0],"8h7h":[0.0,1.0],"8s6s":[0.0,1.0],"8s7s":[0.0,1.0],"9c7c":[0.0,1.0],"9c8c":[0.0,1.0],"9d7d":[0.0,1.0],"9d8d":[0.0,1.0],"9h7h":[0.0,1.0],"9h8h":[0.0,1.0],"9s7s":[0.0,1.0],"9s8s":[0.0,1.0],"Ac2c":[0.0,1.0],"Ac2d":[0.0,1.0],"Ac2h":[0.0,1.0],"Ac2s":[0.0,1.0],"Ac3c":[0.0,1.0],"Ac3d":[0.0,1.0],"Ac4c":[0.0,1.0],"Ac4d":[0.0,1.0],"Ac4h":[0.0,1.0],"Ac4s":[0.0,1.0],"Ac5c":[0.0,1.0],"Ac5d":[0.0,1.0],"Ac5h":[0.0,1.0],"Ac5s":[0.0,1.0],"Ac6c":[0.0,1.0],"Ac6d":[0.0,1.0],"Ac6h":[0.0,1.0],"Ac6s":[0.0,1.0],"Ac7c":[0.0,1.0],"Ac7d":[0.0,1.0],"Ac7h":[0.0,1.0],"Ac7s":[0.0,1.0],