{"actions":["CHECK","BET 125.000000"],"childrens":{"BET 125.000000":{"actions":["CALL","FOLD"],"node_type":"action_node","player":0,"strategy":{"actions":["CALL","FOLD"],"strategy":{"2d2c":[1.0,0.0],"2s2c":[1.0,0.0],"2s2d":[1.0,0.0],"4c3c":[1.0,0.0],"4d3d":[1.0,0.0],"4h3h":[1.0,0.0],"4s3s":[1.0,0.0],"5d3d":[1.0,0.0],"5d4d":[1.0,0.0],"5h3h":[1.0,0.0],"5h4h":[1.0,0.0],"5h5d":[1.0,0.0],"5s3s":[1.0,0.0],"5s4s":[1.0,0.0],"5s5d":[1.0,0.0],"5s5h":[1.0,0.0],"6c4c":[1.0,0.0],"6d4d":[1.0,0.0],"6d5d":[1.0,0.0],"6h4h":[1.0,0.0],"6h5h":[1.0,0.0],"7d5d":[1.0,0.0],"7h5h":[1.0,0.0],"7s5s":[1.0,0.0],"9c8c":[1.0,0.0],"9d8d":[1.0,0.0],"9h8h":[1.0,0.0],"9s8s":[1.0,0.0],"Ac3c":[1.0,0.0],"Ac4c":[1.0,0.0],"Ac6c":[1.0,0.0],"Ac7c":[1.0,0.0],"Ac8c":[1.0,0.0],"Ac9c":[1.0,0.0],"AcJc":[1.0,0.0],"AcQc":[1.0,0.0],"AcTc":[1.0,0.0],"Ad3d":[1.0,0.0],"Ad4d":[1.0,0.0],"Ad5d":[1.0,0.0],"Ad6d":[1.0,0.0],"Ad7d":[1.0,0.0],"Ad8d":[1.0,0.0],"Ad9d":[1.0,0.0],"AdJd":[1.0,0.0],"AdQd":[1.0,0.0],"AdTd":[1.0,0.0],"Ah3h":[1.0,0.0],"Ah4h":[1.0,0.0],"Ah5h":[1.0,0.0],"Ah6h":[1.0,0.0],"Ah7h":[1.0,0.0],"Ah8h":[1.0,0.0],"Ah9h":[1.0,0.0],"AhQh":[1.0,0.0],"AhTh":[1.0,0.0],"As3s":[1.0,0.0],"As4s":[1.0,0.0],"As5s":[1.0,0.0],"As7s":[1.0,0.0],"As8s":[1.0,0.0],"As9s":[1.0,0.0],"AsJs":[1.0,0.0],"AsTs":[1.0,0.0],"Jc8c":[1.0,0.0],"Jc9c":[1.0,0.0],"Jd8d":[1.0,0.0],"Jd9d":[1.0,0.0],"Js8s":[1.0,0.0],"Js9s":[1.0,0.0],"Kc6c":[1.0,0.0],"Kc7c":[1.0,0.0],"Kc8c":[1.0,0.0],"KcJc":[1.0,0.0],"KcJd":[1.0,0.0],"KcJs":[1.0,0.0],"KcQc":[1.0,0.0],"KcQd":[1.0,0.0],"KcQh":[1.0,0.0],"KcTc":[1.0,0.0],"Kd5d":[1.0,0.0],"Kd6d":[1.0,0.0],"Kd7d":[1.0,0.0],"Kd8d":[1.0,0.0],"KdJc":[1.0,0.0],"KdJd":[1.0,0.0],"KdJs":[1.0,0.0],"KdQc":[1.0,0.0],"KdQd":[1.0,0.0],"KdQh":[1.0,0.0],"KdTd":[1.0,0.0],"Kh5h":[1.0,0.0],"Kh6h":[1.0,0.0],"Kh7h":[1.0,0.0],"Kh8h":[1.0,0.0],"KhJc":[1.0,0.0],"KhJd":[1.0,0.0],"KhJs":[1.0,0.0],"KhQc":[1.0,0.0],"KhQd":[1.0,0.0],"KhQh":[1.0,0.0],"KhTh":[1.0,0.0],"Ks5s":[1.0,0.0],"Ks7s":[1.0,0.0],"Ks8s":[1.0,0.0],"KsJc":[1.0,0.0],"KsJd":[1.0,0.0],"KsJs":[1.0,0.0],"KsQc":[1.0,0.0],"KsQd":[1.0,0.0],"KsQh":[1.0,0.0],"KsTs":[1.0,0.0],"Qc7c":[1.0,0.0],"Qc8c":[1.0,0.0],"Qc9c":[1.0,0.0],"QcJc":[1.0,0.0],"QcJd":[1.0,0.0],"QcJs":[1.0,0.0],"QcTc":[1.0,0.0],"Qd7d":[1.0,0.0],"Qd8d":[1.0,0.0],"Qd9d":[1.0,0.0],"QdJc":[1.0,0.0],"QdJd":[1.0,0.0],"QdJs":[1.0,0.0],"QdTd":[1.0,0.0],"Qh7h":[1.0,0.0],"Qh8h":[1.0,0.0],"Qh9h":[1.0,0.0],"QhJc":[1.0,0.0],"QhJd":[1.0,0.0],"QhJs":[1.0,0.0],"QhTh":[1.0,0.0],"Tc8c":[1.0,0.0],"Tc9c":[1.0,0.0],"Td8d":[1.0,0.0],"Td9d":[1.0,0.0],"Th8h":[1.0,0.0],"Th9h":[1.0,0.0],"Ts8s":[1.0,0.0],"Ts9s":[1.0,0.0]}}},"CHECK":{"actions":["CHECK","BET 125.000000"],"childrens":{"BET 125.000000":{"actions":["CALL","FOLD"],"node_type":"action_node","player":1,"strategy":{"actions":["CALL","FOLD"],"strategy":{"AcJc":[1.0,0.0],"AcKc":[1.0,0.0],"AcKd":[1.0,0.0],"AcKh":[1.0,0.0],"AcKs":[1.0,0.0],"AcQc":[1.0,0.0],"AdAc":[1.0,0.0],"AdJd":[1.0,0.0],"AdKc":[1.0,0.0],"AdKd":[1.0,0.0],"AdKh":[1.0,0.0],"AdKs":[1.0,0.0],"AdQd":[1.0,0.0],"AhAc":[1.0,0.0],"AhAd":[1.0,0.0],"AhKc":[1.0,0.0],"AhKd":[1.0,0.0],"AhKh":[1.0,0.0],"AhKs":[1.0,0.0],"AhQh":[1.0,0.0],"AsAc":[1.0,0.0],"AsAd":[1.0,0.0],"AsAh":[1.0,0.0],"AsJs":[1.0,0.0],"AsKc":[1.0,0.0],"AsKd":[1.0,0.0],"AsKh":[1.0,0.0],"AsKs":[1.0,0.0],"JdJc":[1.0,0.0],"JsJc":[1.0,0.0],"JsJd":[1.0,0.0],"KcJc":[1.0,0.0],"KcQc":[1.0,0.0],"KdJd":[1.0,0.0],"KdKc":[1.0,0.0],"KdQd":[1.0,0.0],"KhKc":[1.0,0.0],"KhKd":[1.0,0.0],"KhQh":[1.0,0.0],"KsJs":[1.0,0.0],"KsKc":[1.0,0.0],"KsKd":[1.0,0.0],"KsKh":[1.0,0.0],"QdQc":[1.0,0.0],"QhQc":[1.0,0.0],"QhQd":[1.0,0.0],"TdTc":[1.0,0.0],"ThTc":[1.0,0.0],"ThTd":[1.0,0.0],"TsTc":[1.0,0.0],"TsTd":[1.0,0.0],"TsTh":[1.0,0.0]}}}},"node_type":"action_node","player":0,"strategy":{"actions":["CHECK","BET 125.000000"],"strategy":{"2d2c":[0.0,1.0],"2s2c":[0.0,1.0],"2s2d":[0.0,1.0],"4c3c":[0.0,1.0],"4d3d":[0.0,1.0],"4h3h":[0.0,1.0],"4s3s":[0.0,1.0],"5d3d":[0.0,1.0],"5d4d":[0.0,1.0],"5h3h":[0.0,1.0],"5h4h":[0.0,1.0],"5h5d":[0.0,1.0],"5s3s":[0.0,1.0],"5s4s":[0.0,1.0],"5s5d":[0.0,1.0],"5s5h":[0.0,1.0],"6c4c":[0.0,1.0],"6d4d":[0.0,1.0],"6d5d":[0.0,1.0],"6h4h":[0.0,1.0],"6h5h":[0.0,1.0],"7d5d":[0.0,1.0],"7h5h":[0.0,1.0],"7s5s":[0.0,1.0],"9c8c":[0.0,1.0],"9d8d":[0.0,1.0],"9h8h":[0.0,1.0],"9s8s":[0.0,1.0],"Ac3c":[0.0,1.0],"Ac4c":[0.0,1.0],"Ac6c":[0.0,1.0],"Ac7c":[0.0,1.0],"Ac8c":[0.0,1.0],"Ac9c":[0.0,1.0],"AcJc":[0.0,1.0],"AcQc":[0.0,1.0],"AcTc":[0.0,1.0],"Ad3d":[0.0,1.0],"Ad4d":[0.0,1.0],"Ad5d":[0.0,1.0],"Ad6d":[0.0,1.0],"Ad7d":[0.0,1.0],"Ad8d":[0.0,1.0],"Ad9d":[0.0,1.0],"AdJd":[0.0,1.0],"AdQd":[0.0,1.0],"AdTd":[0.0,1.0],"Ah3h":[0.0,1.0],"Ah4h":[0.0,1.0],"Ah5h":[0.0,1.0],"Ah6h":[0.0,1.0],"Ah7h":[0.0,1.0],"Ah8h":[0.0,1.0],"Ah9h":[0.0,1.0],"AhQh":[0.0,1.0],"AhTh":[0.0,1.0],"As3s":[0.0,1.0],"As4s":[0.0,1.0],"As5s":[0.0,1.0],"As7s":[0.0,1.0],"As8s":[0.0,1.0],"As9s":[0.0,1.0],"AsJs":[0.0,1.0],"AsTs":[0.0,1.0],"Jc8c":[0.0,1.0],"Jc9c":[0.0,1.0],"Jd8d":[0.0,1.0],"Jd9d":[0.0,1.0],"Js8s":[0.0,1.0],"Js9s":[0.0,1.0],"Kc6c":[0.0,1.0],"Kc7c":[0.0,1.0],"Kc8c":[0.0,1.0],"KcJc":[0.0,1.0],"KcJd":[0.0,1.0],"KcJs":[0.0,1.0],"KcQc":[0.0,1.0],"KcQd":[0.0,1.0],"KcQh":[0.0,1.0],"KcTc":[0.0,1.0],"Kd5d":[0.0,1.0],"Kd6d":[0.0,1.0],"Kd7d":[0.0,1.0],"Kd8d":[0.0,1.0],"KdJc":[0.0,1.0],"KdJd":[0.0,1.0],"KdJs":[0.0,1.0],"KdQc":[0.0,1.0],"KdQd":[0.0,1.0],"KdQh":[0.0,1.0],"KdTd":[0.0,1.0],"Kh5h":[0.0,1.0],"Kh6h":[0.0,1.0],"Kh7h":[0.0,1.0],"Kh8h":[0.0,1.0],"KhJc":[0.0,1.0],"KhJd":[0.0,1.0],"KhJs":[0.0,1.0],"KhQc":[0.0,1.0],"KhQd":[0.0,1.0],"KhQh":[0.0,1.0],"KhTh":[0.0,1.0],"Ks5s":[0.0,1.0],"Ks7s":[0.0,1.0],"Ks8s":[0.0,1.0],"KsJc":[0.0,1.0],"KsJd":[0.0,1.0],"KsJs":[0.0,1.0],"KsQc":[0.0,1.0],"KsQd":[0.0,1.0],"KsQh":[0.0,1.0],"KsTs":[0.0,1.0],"Qc7c":[0.0,1.0],"Qc8c":[0.0,1.0],"Qc9c":[0.0,1.0],"QcJc":[0.0,1.0],"QcJd":[0.0,1.0],"QcJs":[0.0,1.0],"QcTc":[0.0,1.0],"Qd7d":[0.0,1.0],"Qd8d":[0.0,1.0],"Qd9d":[0.0,1.0],"QdJc":[0.0,1.0],"QdJd":[0.0,1.0],"QdJs":[0.0,1.0],"QdTd":[0.0,1.0],"Qh7h":[0.0,1.0],"Qh8h":[0.0,1.0],"Qh9h":[0.0,1.0],"QhJc":[0.0,1.0],"QhJd":[0.0,1.0],"QhJs":[0.0,1.0],"QhTh":[0.0,1.0],"Tc8c":[0.0,1.0],"Tc9c":[0.0,1.0],"Td8d":[0.0,1.0],"Td9d":[0.0,1.0],"Th8h":[0.0,1.0],"Th9h":[0.0,1.0],"Ts8s":[0.0,1.0],"Ts9s":[0.0,1.0]}}}},"node_type":"action_node","player":1,"strategy":{"actions":["CHECK","BET 125.000000"],"strategy":{"AcJc":[0.0,1.0],"AcKc":[0.0,1.0],"AcKd":[0.0,1.0],"AcKh":[0.0,1.0],"AcKs":[0.0,1.0],"AcQc":[0.0,1.0],"AdAc":[0.0,1.0],"AdJd":[0.0,1.0],"AdKc":[0.0,1.0],"AdKd":[0.0,1.0],"AdKh":[0.0,1.0],"AdKs":[0.0,1.0],"AdQd":[0.0,1.0],"AhAc":[0.0,1.0],"AhAd":[0.0,1.0],"AhKc":[0.0,1.0],"AhKd":[0.0,1.0],"AhKh":[0.0,1.0],"AhKs":[0.0,1.0],"AhQh":[0.0,1.0],"AsAc":[0.0,1.0],"AsAd":[0.0,1.0],"AsAh":[0.0,1.0],"AsJs":[0.0,1.0],"AsKc":[0.0,1.0],"AsKd":[0.0,1.0],"AsKh":[0.0,1.0],"AsKs":[0.0,1.0],"JdJc":[0.0,1.0],"JsJc":[0.0,1.0],"JsJd":[0.0,1.0],"KcJc":[0.0,1.0],"KcQc":[0.0,1.0],"KdJd":[0.0,1.0],"KdKc":[0.0,1.0],"KdQd":[0.0,1.0],"KhKc":[0.0,1.0],"KhKd":[0.0,1.0],"KhQh":[0.0,1.0],"KsJs":[0.0,1.0],"KsKc":[0.0,1.0],"KsKd":[0.0,1.0],"KsKh":[0.0,1.0],"QdQc":[0.0,1.0],"QhQc":[0.0,1.0],"QhQd":[0.0,1.0],"TdTc":[0.0,1.0],"ThTc":[0.0,1.0],"ThTd":[0.0,1.0],"TsTc":[0.0,1.0],"TsTd":[0.0,1.0],"TsTh":[0.0,1.0]}}}