{"actions":["CHECK","BET 125.000000"],"childrens":{"BET 125.000000":{"actions":["CALL","FOLD"],"node_type":"action_node","player":0,"strategy":{"actions":["CALL","FOLD"],"strategy":{"4c3c":[1.0,0.0],"4d3d":[1.0,0.0],"4h3h":[1.0,0.0],"4s3s":[1.0,0.0],"5c3c":[1.0,0.0],"5c4c":[1.0,0.0],"5d3d":[1.0,0.0],"5d4d":[1.0,0.0],"5h3h":[1.0,0.0],"5h4h":[1.0,0.0],"5s3s":[1.0,0.0],"5s4s":[1.0,0.0],"6c4c":[1.0,0.0],"6c5c":[1.0,0.0],"6d4d":[1.0,0.0],"6d5d":[1.0,0.0],"6h4h":[1.0,0.0],"6h5h":[1.0,0.0],"6s4s":[1.0,0.0],"6s5s":[1.0,0.0],"7c5c":[1.0,0.0],"7c6c":[1.0,0.0],"7d5d":[1.0,0.0],"7d6d":[1.0,0.0],"7d7c":[1.0,0.0],"7s5s":[1.0,0.0],"7s6s":[1.0,0.0],"7s7c":[1.0,0.0],"7s7d":[1.0,0.0],"8c5c":[1.0,0.0],"8c6c":[1.0,0.0],"8c7c":[1.0,0.0],"8d5d":[1.0,0.0],"8d6d":[1.0,0.0],"8d7d":[1.0,0.0],"8h5h":[1.0,0.0],"8h6h":[1.0,0.0],"8s5s":[1.0,0.0],"8s6s":[1.0,0.0],"8s7s":[1.0,0.0],"9d6d":[1.0,0.0],"9d7d":[1.0,0.0],"9d8d":[1.0,0.0],"9h6h":[1.0,0.0],"9h8h":[1.0,0.0],"9s6s":[1.0,0.0],"9s7s":[1.0,0.0],"9s8s":[1.0,0.0],"Ac3c":[1.0,0.0],"Ac4c":[1.0,0.0],"Ac5c":[1.0,0.0],"Ac6c":[1.0,0.0],"AcJc":[1.0,0.0],"AcJd":[1.0,0.0],"AcJs":[1.0,0.0],"AcKc":[1.0,0.0],"AcKd":[1.0,0.0],"AcKh":[1.0,0.0],"AcKs":[1.0,0.0],"AcQc":[1.0,0.0],"AcQd":[1.0,0.0],"AcQh":[1.0,0.0],"AcTc":[1.0,0.0],"Ad3d":[1.0,0.0],"Ad4d":[1.0,0.0],"Ad5d":[1.0,0.0],"Ad6d":[1.0,0.0],"AdAc":[1.0,0.0],"AdJc":[1.0,0.0],"AdJd":[1.0,0.0],"AdJs":[1.0,0.0],"AdKc":[1.0,0.0],"AdKd":[1.0,0.0],"AdKh":[1.0,0.0],"AdKs":[1.0,0.0],"AdQc":[1.0,0.0],"AdQd":[1.0,0.0],"AdQh":[1.0,0.0],"AdTd":[1.0,0.0],"Ah3h":[1.0,0.0],"Ah4h":[1.0,0.0],"Ah5h":[1.0,0.0],"Ah6h":[1.0,0.0],"AhAc":[1.0,0.0],"AhAd":[1.0,0.0],"AhJc":[1.0,0.0],"AhJd":[1.0,0.0],"AhJs":[1.0,0.0],"AhKc":[1.0,0.0],"AhKd":[1.0,0.0],"AhKh":[1.0,0.0],"AhKs":[1.0,0.0],"AhQc":[1.0,0.0],"AhQd":[1.0,0.0],"AhQh":[1.0,0.0],"AhTh":[1.0,0.0],"As3s":[1.0,0.0],"As4s":[1.0,0.0],"As5s":[1.0,0.0],"As6s":[1.0,0.0],"AsAc":[1.0,0.0],"AsAd":[1.0,0.0],"AsAh":[1.0,0.0],"AsJc":[1.0,0.0],"AsJd":[1.0,0.0],"AsJs":[1.0,0.0],"AsKc":[1.0,0.0],"AsKd":[1.0,0.0],"AsKh":[1.0,0.0],"AsKs":[1.0,0.0],"AsQc":[1.0,0.0],"AsQd":[1.0,0.0],"AsQh":[1.0,0.0],"AsTs":[1.0,0.0],"Jd9d":[1.0,0.0],"JdJc":[1.0,0.0],"Js9s":[1.0,0.0],"JsJc":[1.0,0.0],"JsJd":[1.0,0.0],"Kc4c":[1.0,0.0],"Kc5c":[1.0,0.0],"KcJc":[1.0,0.0],"KcQc":[1.0,0.0],"KcQd":[1.0,0.0],"KcQh":[1.0,0.0],"KcTc":[1.0,0.0],"Kd4d":[1.0,0.0],"Kd5d":[1.0,0.0],"KdJd":[1.0,0.0],"KdKc":[1.0,0.0],"KdQc":[1.0,0.0],"KdQd":[1.0,0.0],"KdQh":[1.0,0.0],"KdTd":[1.0,0.0],"Kh4h":[1.0,0.0],"Kh5h":[1.0,0.0],"KhKc":[1.0,0.0],"KhKd":[1.0,0.0],"KhQc":[1.0,0.0],"KhQd":[1.0,0.0],"KhQh":[1.0,0.0],"KhTh":[1.0,0.0],"Ks4s":[1.0,0.0],"Ks5s":[1.0,0.0],"KsJs":[1.0,0.0],"KsKc":[1.0,0.0],"KsKd":[1.0,0.0],"KsKh":[1.0,0.0],"KsQc":[1.0,0.0],"KsQd":[1.0,0.0],"KsQh":[1.0,0.0],"KsTs":[1.0,0.0],"QcJc":[1.0,0.0],"QcTc":[1.0,0.0],"Qd9d":[1.0,0.0],"QdJd":[1.0,0.0],"QdQc":[1.0,0.0],"QdTd":[1.0,0.0],"Qh9h":[1.0,0.0],"QhQc":[1.0,0.0],"QhQd":[1.0,0.0],"QhTh":[1.0,0.0],"Tc7c":[1.0,0.0],"Tc8c":[1.0,0.0],"Td7d":[1.0,0.0],"Td8d":[1.0,0.0],"Td9d":[1.0,0.0],"Th8h":[1.0,0.0],"Th9h":[1.0,0.0],"Ts7s":[1.0,0.0],"Ts8s":[1.0,0.0],"Ts9s":[1.0,0.0]}}},"CHECK":{"actions":["CHECK","BET 125.000000"],"childrens":{"BET 125.000000":{"actions":["CALL","FOLD"],"node_type":"action_node","player":1,"strategy":{"actions":["CALL","FOLD"],"strategy":{"4c3c":[1.0,0.0],"4d3d":[1.0,0.0],"4h3h":[1.0,0.0],"4s3s":[1.0,0.0],"5c3c":[1.0,0.0],"5c4c":[1.0,0.0],"5d3d":[1.0,0.0],"5d4d":[1.0,0.0],"5h3h":[1.0,0.0],"5h4h":[1.0,0.0],"5s3s":[1.0,0.0],"5s4s":[1.0,0.0],"6c4c":[1.0,0.0],"6c5c":[1.0,0.0],"6d4d":[1.0,0.0],"6d5d":[1.0,0.0],"6d6c":[1.0,0.0],"6h4h":[1.0,0.0],"6h5h":[1.0,0.0],"6h6c":[1.0,0.0],"6h6d":[1.0,0.0],"6s4s":[1.0,0.0],"6s5s":[1.0,0.0],"6s6c":[1.0,0.0],"6s6d":[1.0,0.0],"6s6h":[1.0,0.0],"7c5c":[1.0,0.0],"7c6c":[1.0,0.0],"7d5d":[1.0,0.0],"7d6d":[1.0,0.0],"7d7c":[1.0,0.0],"7s5s":[1.0,0.0],"7s6s":[1.0,0.0],"7s7c":[1.0,0.0],"7s7d":[1.0,0.0],"8c7c":[1.0,0.0],"8d7d":[1.0,0.0],"8d8c":[1.0,0.0],"8h8c":[1.0,0.0],"8h8d":[1.0,0.0],"8s7s":[1.0,0.0],"8s8c":[1.0,0.0],"8s8d":[1.0,0.0],"8s8h":[1.0,0.0],"9d7d":[1.0,0.0],"9h9d":[1.0,0.0],"9s7s":[1.0,0.0],"9s9d":[1.0,0.0],"9s9h":[1.0,0.0],"Ac3c":[1.0,0.0],"Ac4c":[1.0,0.0],"Ac5c":[1.0,0.0],"Ac6c":[1.0,0.0],"Ac7c":[1.0,0.0],"Ac8c":[1.0,0.0],"AcJc":[1.0,0.0],"AcJd":[1.0,0.0],"AcJs":[1.0,0.0],"AcKd":[1.0,0.0],"AcKh":[1.0,0.0],"AcKs":[1.0,0.0],"AcQc":[1.0,0.0],"AcQd":[1.0,0.0],"AcQh":[1.0,0.0],"AcTc":[1.0,0.0],"AcTd":[1.0,0.0],"AcTh":[1.0,0.0],"AcTs":[1.0,0.0],"Ad3d":[1.0,0.0],"Ad4d":[1.0,0.0],"Ad5d":[1.0,0.0],"Ad6d":[1.0,0.0],"Ad7d":[1.0,0.0],"Ad8d":[1.0,0.0],"Ad9d":[1.0,0.0],"AdJc":[1.0,0.0],"AdJd":[1.0,0.0],"AdJs":[1.0,0.0],"AdKc":[1.0,0.0],"AdKh":[1.0,0.0],"AdKs":[1.0,0.0],"AdQc":[1.0,0.0],"AdQd":[1.0,0.0],"AdQh":[1.0,0.0],"AdTc":[1.0,0.0],"AdTd":[1.0,0.0],"AdTh":[1.0,0.0],"AdTs":[1.0,0.0],"Ah3h":[1.0,0.0],"Ah4h":[1.0,0.0],"Ah5h":[1.0,0.0],"Ah6h":[1.0,0.0],"Ah8h":[1.0,0.0],"Ah9h":[1.0,0.0],"AhJc":[1.0,0.0],"AhJd":[1.0,0.0],"AhJs":[1.0,0.0],"AhKc":[1.0,0.0],"AhKd":[1.0,0.0],"AhKs":[1.0,0.0],"AhQc":[1.0,0.0],"AhQd":[1.0,0.0],"AhQh":[1.0,0.0],"AhTc":[1.0,0.0],"AhTd":[1.0,0.0],"AhTh":[1.0,0.0],"AhTs":[1.0,0.0],"As3s":[1.0,0.0],"As4s":[1.0,0.0],"As5s":[1.0,0.0],"As6s":[1.0,0.0],"As7s":[1.0,0.0],"As8s":[1.0,0.0],"As9s":[1.0,0.0],"AsJc":[1.0,0.0],"AsJd":[1.0,0.0],"AsJs":[1.0,0.0],"AsKc":[1.0,0.0],"AsKd":[1.0,0.0],"AsKh":[1.0,0.0],"AsQc":[1.0,0.0],"AsQd":[1.0,0.0],"AsQh":[1.0,0.0],"AsTc":[1.0,0.0],"AsTd":[1.0,0.0],"AsTh":[1.0,0.0],"AsTs":[1.0,0.0],"Jc8c":[1.0,0.0],"JcTc":[1.0,0.0],"JcTd":[1.0,0.0],"JcTh":[1.0,0.0],"JcTs":[1.0,0.0],"Jd8d":[1.0,0.0],"Jd9d":[1.0,0.0],"JdJc":[1.0,0.0],"JdTc":[1.0,0.0],"JdTd":[1.0,0.0],"JdTh":[1.0,0.0],"JdTs":[1.0,0.0],"Js8s":[1.0,0.0],"Js9s":[1.0,0.0],"JsJc":[1.0,0.0],"JsJd":[1.0,0.0],"JsTc":[1.0,0.0],"JsTd":[1.0,0.0],"JsTh":[1.0,0.0],"JsTs":[1.0,0.0],"Kc3c":[1.0,0.0],"Kc6c":[1.0,0.0],"Kc7c":[1.0,0.0],"Kc8c":[1.0,0.0],"KcJc":[1.0,0.0],"KcJd":[1.0,0.0],"KcJs":[1.0,0.0],"KcQc":[1.0,0.0],"KcQd":[1.0,0.0],"KcQh":[1.0,0.0],"KcTc":[1.0,0.0],"KcTd":[1.0,0.0],"KcTh":[1.0,0.0],"KcTs":[1.0,0.0],"Kd3d":[1.0,0.0],"Kd6d":[1.0,0.0],"Kd7d":[1.0,0.0],"Kd8d":[1.0,0.0],"Kd9d":[1.0,0.0],"KdJc":[1.0,0.0],"KdJd":[1.0,0.0],"KdJs":[1.0,0.0],"KdQc":[1.0,0.0],"KdQd":[1.0,0.0],"KdQh":[1.0,0.0],"KdTc":[1.0,0.0],"KdTd":[1.0,0.0],"KdTh":[1.0,0.0],"KdTs":[1.0,0.0],"Kh3h":[1.0,0.0],"Kh6h":[1.0,0.0],"Kh8h":[1.0,0.0],"Kh9h":[1.0,0.0],"KhJc":[1.0,0.0],"KhJd":[1.0,0.0],"KhJs":[1.0,0.0],"KhQc":[1.0,0.0],"KhQd":[1.0,0.0],"KhQh":[1.0,0.0],"KhTc":[1.0,0.0],"KhTd":[1.0,0.0],"KhTh":[1.0,0.0],"KhTs":[1.0,0.0],"Ks3s":[1.0,0.0],"Ks6s":[1.0,0.0],"Ks7s":[1.0,0.0],"Ks8s":[1.0,0.0],"Ks9s":[1.0,0.0],"KsJc":[1.0,0.0],"KsJd":[1.0,0.0],"KsJs":[1.0,0.0],"KsQc":[1.0,0.0],"KsQd":[1.0,0.0],"KsQh":[1.0,0.0],"KsTc":[1.0,0.0],"KsTd":[1.0,0.0],"KsTh":[1.0,0.0],"KsTs":[1.0,0.0],"Qc7c":[1.0,0.0],"Qc8c":[1.0,0.0],"QcTc":[1.0,0.0],"Qd7d":[1.0,0.0],"Qd8d":[1.0,0.0],"Qd9d":[1.0,0.0],"QdQc":[1.0,0.0],"QdTd":[1.0,0.0],"Qh8h":[1.0,0.0],"Qh9h":[1.0,0.0],"QhQc":[1.0,0.0],"QhQd":[1.0,0.0],"QhTh":[1.0,0.0],"Tc7c":[1.0,0.0],"Td7d":[1.0,0.0],"Td9d":[1.0,0.0],"TdTc":[1.0,0.0],"Th9h":[1.0,0.0],"ThTc":[1.0,0.0],"ThTd":[1.0,0.0],"Ts7s":[1.0,0.0],"Ts9s":[1.0,0.0],"TsTc":[1.0,0.0],"TsTd":[1.0,0.0],"TsTh":[1.0,0.0]}}}},"node_type":"action_node","player":0,"strategy":{"actions":["CHECK","BET 125.000000"],"strategy":{"4c3c":[0.0,1.0],"4d3d":[0.0,1.0],"4h3h":[0.0,1.0],"4s3s":[0.0,1.0],"5c3c":[0.0,1.0],"5c4c":[0.0,1.0],"5d3d":[0.0,1.0],"5d4d":[0.0,1.0],"5h3h":[0.0,1.0],"5h4h":[0.0,1.0],"5s3s":[0.0,1.0],"5s4s":[0.0,1.0],"6c4c":[0.0,1.0],"6c5c":[0.0,1.0],"6d4d":[0.0,1.0],"6d5d":[0.0,1.0],"6h4h":[0.0,1.0],"6h5h":[0.0,1.0],"6s4s":[0.0,1.0],"6s5s":[0.0,1.0],"7c5c":[0.0,1.0],"7c6c":[0.0,1.0],"7d5d":[0.0,1.0],"7d6d":[0.0,1.0],"7d7c":[0.0,1.0],"7s5s":[0.0,1.0],"7s6s":[0.0,1.0],"7s7c":[0.0,1.0],"7s7d":[0.0,1.0],"8c5c":[0.0,1.0],"8c6c":[0.0,1.0],"8c7c":[0.0,1.0],"8d5d":[0.0,1.0],"8d6d":[0.0,1.0],"8d7d":[0.0,1.0],"8h5h":[0.0,1.0],"8h6h":[0.0,1.0],"8s5s":[0.0,1.0],"8s6s":[0.0,1.0],"8s7s":[0.0,1.0],